example_id,cluster_rank,lon,lat,radius_m,cluster_area_m2,cluster_pixel_count_est,recovery_class,date,label,NDVI,RRI,NDRE,BSI,NDMI,NDWI,NBR
failed_cluster_1,1,-8.179609819352324,39.91843628426467,40,45914.69848041276,4.5914698480412754,3,2018-01-02,2018-01,0.37364818155765533,0.31703829196480243,0.2519545108079911,0.18866655230522153,-0.11719164997339249,-0.5144333690404893,-0.027997039491310716
failed_cluster_1,1,-8.179609819352324,39.91843628426467,40,45914.69848041276,4.5914698480412754,3,2018-02-02,2018-02,0.34324540197849274,0.23541043319938965,0.2414990141987801,0.19345809519290924,-0.136579729616642,-0.49872457981109614,-0.07017151266336441
failed_cluster_1,1,-8.179609819352324,39.91843628426467,40,45914.69848041276,4.5914698480412754,3,2018-03-02,2018-03,0.2718716636300087,0.04415207777860461,0.18755509704351425,0.20405259728431702,-0.1776703521609306,-0.3992111533880234,-0.10285599529743193
failed_cluster_1,1,-8.179609819352324,39.91843628426467,40,45914.69848041276,4.5914698480412754,3,2018-04-02,2018-04,0.24750249832868576,-0.041181967850514443,0.15234843268990517,0.1159147322177887,-0.04579014517366886,-0.32187609374523163,0.043685995042324066
failed_cluster_1,1,-8.179609819352324,39.91843628426467,40,45914.69848041276,4.5914698480412754,3,2018-05-02,2018-05,0.3843703866004944,0.31390124311424306,0.22317306697368622,0.023740390315651894,0.06670452281832695,-0.41044484078884125,0.2005046159029007
failed_cluster_1,1,-8.179609819352324,39.91843628426467,40,45914.69848041276,4.5914698480412754,3,2018-06-02,2018-06,0.4511520564556122,0.4914411517944274,0.2794110104441643,-0.032942650839686394,0.1258803866803646,-0.4479847550392151,0.28654421865940094
failed_cluster_1,1,-8.179609819352324,39.91843628426467,40,45914.69848041276,4.5914698480412754,3,2018-07-02,2018-07,0.4449538588523864,0.46811710346053453,0.2621890604496002,-0.037035522982478135,0.14043584093451503,-0.44520354270935053,0.30382867902517313
failed_cluster_1,1,-8.179609819352324,39.91843628426467,40,45914.69848041276,4.5914698480412754,3,2018-08-02,2018-08,0.46435983479022985,0.5277427700987612,0.26564429700374603,-0.06446253764443098,0.16660283133387566,-0.45532579720020294,0.34327204525470734
failed_cluster_1,1,-8.179609819352324,39.91843628426467,40,45914.69848041276,4.5914698480412754,3,2018-09-02,2018-09,0.4767715781927109,0.5597037179458471,0.28823550045490265,-0.06597990868613125,0.17151285707950592,-0.4773831367492676,0.3616925925016403
failed_cluster_1,1,-8.179609819352324,39.91843628426467,40,45914.69848041276,4.5914698480412754,3,2018-10-02,2018-10,0.5087354481220245,0.6478924617170644,0.306876964867115,-0.10494695138186216,0.21913427859544757,-0.5170814990997314,0.40450236201286316
failed_cluster_1,1,-8.179609819352324,39.91843628426467,40,45914.69848041276,4.5914698480412754,3,2018-11-02,2018-11,0.48645490407943726,0.5937088023918619,0.3555422872304917,-0.028897345066070557,0.1289830394089222,-0.5479456931352615,0.3532832264900208
failed_cluster_1,1,-8.179609819352324,39.91843628426467,40,45914.69848041276,4.5914698480412754,3,2018-12-02,2018-12,0.5901288986206055,0.8627886904105659,0.41145651042461395,-0.08251930633559823,0.18974975124001503,-0.6671575903892517,0.4189104437828064
failed_cluster_1,1,-8.179609819352324,39.91843628426467,40,45914.69848041276,4.5914698480412754,3,2019-01-02,2019-01,0.5727099180221558,0.8126782461525047,0.41373296082019806,-0.06972579471766949,0.1762292981147766,-0.668982595205307,0.387894481420517
failed_cluster_1,1,-8.179609819352324,39.91843628426467,40,45914.69848041276,4.5914698480412754,3,2019-02-02,2019-02,0.45692327618598944,0.5020925686288839,0.3130657598376274,0.036868163384497166,0.06768335308879614,-0.5559509098529816,0.2699534073472023
failed_cluster_1,1,-8.179609819352324,39.91843628426467,40,45914.69848041276,4.5914698480412754,3,2019-03-02,2019-03,0.36836715042591095,0.2622027275932964,0.250003881752491,0.06269990699365735,0.028518850216642026,-0.4836315214633942,0.19329223781824112
failed_cluster_1,1,-8.179609819352324,39.91843628426467,40,45914.69848041276,4.5914698480412754,3,2019-04-02,2019-04,0.3807881474494934,0.31153786514485254,0.251404769718647,0.056320792995393276,0.022990456665866073,-0.45725017786026007,0.18469034135341644
failed_cluster_1,1,-8.179609819352324,39.91843628426467,40,45914.69848041276,4.5914698480412754,3,2019-05-02,2019-05,0.45282508432865143,0.4889657297100622,0.2828206568956375,-0.020491935312747955,0.11392923071980476,-0.4714317321777343,0.3069096505641937
failed_cluster_1,1,-8.179609819352324,39.91843628426467,40,45914.69848041276,4.5914698480412754,3,2019-06-02,2019-06,0.4964702129364013,0.6154369812723264,0.3244607523083686,-0.06183025194332003,0.15794189646840096,-0.5137403309345245,0.338601678609848
failed_cluster_1,1,-8.179609819352324,39.91843628426467,40,45914.69848041276,4.5914698480412754,3,2019-07-02,2019-07,0.4982505440711975,0.6224038439433073,0.32369261234998703,-0.056823319755494595,0.15192068740725517,-0.5041962713003159,0.34798291325569153
failed_cluster_1,1,-8.179609819352324,39.91843628426467,40,45914.69848041276,4.5914698480412754,3,2019-08-02,2019-08,0.49814949929714203,0.6115175596372434,0.31075243651866913,-0.04516286216676235,0.1529671549797058,-0.5139541327953339,0.3677029013633728
failed_cluster_1,1,-8.179609819352324,39.91843628426467,40,45914.69848041276,4.5914698480412754,3,2019-09-02,2019-09,0.4988732635974884,0.6116292821319951,0.31602560728788376,-0.06693751132115722,0.1721249371767044,-0.5275194644927979,0.3758267015218735
failed_cluster_1,1,-8.179609819352324,39.91843628426467,40,45914.69848041276,4.5914698480412754,3,2019-10-02,2019-10,0.5165600627660751,0.6647023832092052,0.3575655668973923,-0.07057736814022063,0.17440525442361832,-0.5658354759216309,0.3849012404680252
failed_cluster_1,1,-8.179609819352324,39.91843628426467,40,45914.69848041276,4.5914698480412754,3,2019-11-02,2019-11,,,,,,,
failed_cluster_1,1,-8.179609819352324,39.91843628426467,40,45914.69848041276,4.5914698480412754,3,2019-12-02,2019-12,0.6624939441680908,1.0705758678315378,0.4939356446266175,-0.17305297031998634,0.2839651331305504,-0.7093697190284729,0.5231790095567702
failed_cluster_1,1,-8.179609819352324,39.91843628426467,40,45914.69848041276,4.5914698480412754,3,2020-01-02,2020-01,0.6326031684875488,0.9768539642951651,0.47339344024658203,-0.1552085280418396,0.25898484140634537,-0.7001300156116486,0.4836741387844086
failed_cluster_1,1,-8.179609819352324,39.91843628426467,40,45914.69848041276,4.5914698480412754,3,2020-02-02,2020-02,0.5257560014724731,0.6924692745511308,0.39228489995002747,-0.04707879852503538,0.1353537254035473,-0.6036668866872787,0.3539985567331314
failed_cluster_1,1,-8.179609819352324,39.91843628426467,40,45914.69848041276,4.5914698480412754,3,2020-03-02,2020-03,0.46169477701187134,0.5203451031703894,0.3359866589307785,0.02769123669713735,0.0487602804787457,-0.5469101965427398,0.2569902241230011
failed_cluster_1,1,-8.179609819352324,39.91843628426467,40,45914.69848041276,4.5914698480412754,3,2020-04-02,2020-04,,,,,,,
failed_cluster_1,1,-8.179609819352324,39.91843628426467,40,45914.69848041276,4.5914698480412754,3,2020-05-02,2020-05,0.5441770702600479,0.7382801294186512,0.3653065860271454,-0.08317456627264619,0.16699151322245598,-0.5365687310695648,0.3854341059923172
failed_cluster_1,1,-8.179609819352324,39.91843628426467,40,45914.69848041276,4.5914698480412754,3,2020-06-02,2020-06,0.5438145995140076,0.7336225372253967,0.35963021218776703,-0.09845656855031848,0.18959378451108932,-0.5441156476736069,0.4106864333152771
failed_cluster_1,1,-8.179609819352324,39.91843628426467,40,45914.69848041276,4.5914698480412754,3,2020-07-02,2020-07,0.5510234385728836,0.7584763329923478,0.350884459912777,-0.0978105701506138,0.1936035454273224,-0.5468724220991135,0.42172637581825256
failed_cluster_1,1,-8.179609819352324,39.91843628426467,40,45914.69848041276,4.5914698480412754,3,2020-08-02,2020-08,0.576440066099167,0.8314774072991582,0.36600928008556366,-0.10852792859077454,0.2071780040860176,-0.5691134631633759,0.43314069509506226
failed_cluster_1,1,-8.179609819352324,39.91843628426467,40,45914.69848041276,4.5914698480412754,3,2020-09-02,2020-09,0.5818397700786591,0.846029468351447,0.39892494678497314,-0.1094049457460642,0.20814765989780423,-0.5878832489252092,0.44734376668930054
failed_cluster_1,1,-8.179609819352324,39.91843628426467,40,45914.69848041276,4.5914698480412754,3,2020-10-02,2020-10,0.5756179243326187,0.8173456621003099,0.42102232575416565,-0.12924154102802277,0.23388727009296417,-0.6305427849292754,0.44920776784420013
failed_cluster_1,1,-8.179609819352324,39.91843628426467,40,45914.69848041276,4.5914698480412754,3,2020-11-02,2020-11,0.6481200456619263,1.0420362492435917,0.5023672878742218,-0.20443798229098317,0.2981185168027878,-0.6749818027019502,0.5145661532878876
failed_cluster_1,1,-8.179609819352324,39.91843628426467,40,45914.69848041276,4.5914698480412754,3,2020-12-02,2020-12,0.7645047008991241,1.3522721272145275,0.5942696630954742,-0.3441341444849968,0.43895052373409266,-0.8140425682067872,0.6647113263607025
failed_cluster_1,1,-8.179609819352324,39.91843628426467,40,45914.69848041276,4.5914698480412754,3,2021-01-02,2021-01,0.7169481813907623,1.226003697288882,0.5439539402723312,-0.2763153091073036,0.38830804824829096,-0.7740181088447571,0.6188585758209229
failed_cluster_1,1,-8.179609819352324,39.91843628426467,40,45914.69848041276,4.5914698480412754,3,2021-02-02,2021-02,0.6024972200393676,0.9054663675682166,0.4510715305805206,-0.10699049290269613,0.20857417583465576,-0.6833483576774597,0.45027245581150055
failed_cluster_1,1,-8.179609819352324,39.91843628426467,40,45914.69848041276,4.5914698480412754,3,2021-03-02,2021-03,0.5078227072954178,0.6424280172677126,0.37158577144145966,-0.02725739311426878,0.12468005716800688,-0.6060464382171631,0.33833812177181244
failed_cluster_1,1,-8.179609819352324,39.91843628426467,40,45914.69848041276,4.5914698480412754,3,2021-04-02,2021-04,0.4732494056224823,0.5417592225762005,0.33558937162160873,0.008452262729406353,0.0965617336332798,-0.5719627887010574,0.31474389135837555
failed_cluster_1,1,-8.179609819352324,39.91843628426467,40,45914.69848041276,4.5914698480412754,3,2021-05-02,2021-05,0.5635212361812592,0.7910966270732854,0.3804892301559448,-0.11109784804284571,0.2013147175312042,-0.5608176440000534,0.4235517978668213
failed_cluster_1,1,-8.179609819352324,39.91843628426467,40,45914.69848041276,4.5914698480412754,3,2021-06-02,2021-06,0.5716123729944229,0.8076989812183256,0.38713400065898895,-0.1354953106492758,0.2290850207209587,-0.5749966353178024,0.4469166398048401
failed_cluster_1,1,-8.179609819352324,39.91843628426467,40,45914.69848041276,4.5914698480412754,3,2021-07-02,2021-07,0.5683740675449371,0.7974497633237834,0.38178689777851105,-0.12745562382042408,0.22373776137828827,-0.5675482600927353,0.44709601998329157
failed_cluster_1,1,-8.179609819352324,39.91843628426467,40,45914.69848041276,4.5914698480412754,3,2021-08-02,2021-08,0.5751399844884872,0.8146538873916779,0.3684917688369751,-0.1282174400985241,0.23161111772060394,-0.5751704573631287,0.46354494988918304
failed_cluster_1,1,-8.179609819352324,39.91843628426467,40,45914.69848041276,4.5914698480412754,3,2021-09-02,2021-09,0.5805335193872452,0.8233039262189905,0.3995302319526673,-0.13676268327981234,0.23989027738571167,-0.6022040545940399,0.4728609323501587
failed_cluster_1,1,-8.179609819352324,39.91843628426467,40,45914.69848041276,4.5914698480412754,3,2021-10-02,2021-10,0.5784333944320679,0.8208394294274225,0.43101660907268524,-0.13835987821221352,0.23794549703598022,-0.6257344186305999,0.4635626077651978
failed_cluster_1,1,-8.179609819352324,39.91843628426467,40,45914.69848041276,4.5914698480412754,3,2021-11-02,2021-11,0.6654577553272247,1.0641668982336945,0.5072153955698013,-0.21787778660655022,0.3202357292175293,-0.7192523777484894,0.5365506708621978
failed_cluster_1,1,-8.179609819352324,39.91843628426467,40,45914.69848041276,4.5914698480412754,3,2021-12-02,2021-12,0.7129903435707092,1.1980519551854094,0.5504478216171265,-0.28184729814529413,0.38370122015476227,-0.770142823457718,0.6097576767206192
failed_cluster_1,1,-8.179609819352324,39.91843628426467,40,45914.69848041276,4.5914698480412754,3,2022-01-02,2022-01,0.6662823259830475,1.0789629752041376,0.5047185122966765,-0.2342645525932312,0.33289243280887604,-0.7221145033836366,0.5430373549461365
failed_cluster_1,1,-8.179609819352324,39.91843628426467,40,45914.69848041276,4.5914698480412754,3,2022-02-02,2022-02,0.6224578619003296,0.9423444509506063,0.468018427491188,-0.12841396359726787,0.23508036881685257,-0.6993979215621948,0.4696008414030075
failed_cluster_1,1,-8.179609819352324,39.91843628426467,40,45914.69848041276,4.5914698480412754,3,2022-03-02,2022-03,0.5082514882087708,0.6525667722032981,0.37768444418907166,-0.02173859253525734,0.10936156660318376,-0.5846025943756104,0.3421272784471512
failed_cluster_1,1,-8.179609819352324,39.91843628426467,40,45914.69848041276,4.5914698480412754,3,2022-04-02,2022-04,0.4450943022966385,0.48394870980370913,0.3228253275156021,-0.03847910976037383,0.12201758846640587,-0.4940057247877121,0.32545384764671326
failed_cluster_1,1,-8.179609819352324,39.91843628426467,40,45914.69848041276,4.5914698480412754,3,2022-05-02,2022-05,0.5100094974040985,0.6493895565741734,0.3601120412349701,-0.03647972270846367,0.11412338539958002,-0.5490579009056091,0.3383180946111679
failed_cluster_1,1,-8.179609819352324,39.91843628426467,40,45914.69848041276,4.5914698480412754,3,2022-06-02,2022-06,0.5419668257236481,0.7261538883831395,0.37771520018577576,-0.07162180077284575,0.1568569876253605,-0.5581329613924025,0.38327392935752874
failed_cluster_1,1,-8.179609819352324,39.91843628426467,40,45914.69848041276,4.5914698480412754,3,2022-07-02,2022-07,0.5379798710346222,0.7153204329999251,0.3623539730906487,-0.06725523062050343,0.15493928641080856,-0.5600872486829758,0.3892680108547211
failed_cluster_1,1,-8.179609819352324,39.91843628426467,40,45914.69848041276,4.5914698480412754,3,2022-08-02,2022-08,0.5438961982727051,0.7314951082701424,0.36191002279520035,-0.07322519947774708,0.16517211124300957,-0.5642145425081253,0.40023618936538696
failed_cluster_1,1,-8.179609819352324,39.91843628426467,40,45914.69848041276,4.5914698480412754,3,2022-09-02,2022-09,0.5831689536571503,0.8356427970006178,0.41296204924583435,-0.1021598509978503,0.18951613828539848,-0.6112006604671478,0.42309607565402985
failed_cluster_1,1,-8.179609819352324,39.91843628426467,40,45914.69848041276,4.5914698480412754,3,2022-10-02,2022-10,0.5875830650329591,0.850780242899587,0.43954405188560486,-0.126681643538177,0.2132313400506973,-0.626122385263443,0.44516861438751215
failed_cluster_1,1,-8.179609819352324,39.91843628426467,40,45914.69848041276,4.5914698480412754,3,2022-11-02,2022-11,0.7064386010169983,1.1871322261867872,0.5393699258565903,-0.24941831454634666,0.34853270649909973,-0.7387637197971345,0.5860713869333267
failed_cluster_1,1,-8.179609819352324,39.91843628426467,40,45914.69848041276,4.5914698480412754,3,2022-12-02,2022-12,,,,,,,
failed_cluster_1,1,-8.179609819352324,39.91843628426467,40,45914.69848041276,4.5914698480412754,3,2023-01-02,2023-01,0.6440142542123795,0.9999391756408258,0.4866255074739456,-0.17732763662934303,0.2728167697787285,-0.7117081582546234,0.4972204118967057
failed_cluster_1,1,-8.179609819352324,39.91843628426467,40,45914.69848041276,4.5914698480412754,3,2023-02-02,2023-02,0.5074898600578308,0.6219642616058232,0.3797377496957779,-0.07522113621234894,0.17353185266256332,-0.6032277792692184,0.3731085956096649
failed_cluster_1,1,-8.179609819352324,39.91843628426467,40,45914.69848041276,4.5914698480412754,3,2023-03-02,2023-03,0.45581796765327454,0.48501755764484095,0.32917458564043045,0.027520159259438515,0.05981614300981163,-0.557204931974411,0.2780022621154785
failed_cluster_1,1,-8.179609819352324,39.91843628426467,40,45914.69848041276,4.5914698480412754,3,2023-04-02,2023-04,0.4002726525068283,0.3479884810314217,0.2919468954205513,0.004059895873069766,0.07702435366809368,-0.47159492969512934,0.26750044524669647
failed_cluster_1,1,-8.179609819352324,39.91843628426467,40,45914.69848041276,4.5914698480412754,3,2023-05-02,2023-05,0.4614336639642716,0.5157207213109123,0.3297948092222214,-0.06549553759396076,0.1354582365602255,-0.4903678148984909,0.32691673934459686
failed_cluster_1,1,-8.179609819352324,39.91843628426467,40,45914.69848041276,4.5914698480412754,3,2023-06-02,2023-06,0.47716924548149103,0.5388401606238926,0.3360985070466995,-0.03215686418116093,0.1051164735108614,-0.5047440975904465,0.31855031847953796
failed_cluster_1,1,-8.179609819352324,39.91843628426467,40,45914.69848041276,4.5914698480412754,3,2023-07-02,2023-07,0.4856223613023758,0.561963586167624,0.33044105023145676,-0.037422992289066315,0.12101604603230953,-0.5213097184896469,0.3365246579051018
failed_cluster_1,1,-8.179609819352324,39.91843628426467,40,45914.69848041276,4.5914698480412754,3,2023-08-02,2023-08,0.49350395798683167,0.5800111521420466,0.3275105133652687,-0.04651209898293018,0.14214781671762464,-0.5306750535964966,0.3560993298888207
failed_cluster_1,1,-8.179609819352324,39.91843628426467,40,45914.69848041276,4.5914698480412754,3,2023-09-02,2023-09,0.510586306452751,0.6253940437375387,0.3599102199077606,-0.06478690914809704,0.15369028970599172,-0.5480538606643677,0.37259329855442047
failed_cluster_1,1,-8.179609819352324,39.91843628426467,40,45914.69848041276,4.5914698480412754,3,2023-10-02,2023-10,0.4833234697580338,0.5622050803565083,0.3496667817234993,-0.0502560567110777,0.16188516467809677,-0.5437382310628891,0.375294029712677
failed_cluster_1,1,-8.179609819352324,39.91843628426467,40,45914.69848041276,4.5914698480412754,3,2023-11-02,2023-11,0.5771390944719315,0.8129622730146875,0.4200962036848069,-0.09882061742246152,0.18004054762423038,-0.6396910846233367,0.395480252802372
failed_cluster_1,1,-8.179609819352324,39.91843628426467,40,45914.69848041276,4.5914698480412754,3,2023-12-02,2023-12,0.5063641667366028,0.6046882401425168,0.36412083357572556,-0.024321176111698147,0.11029545217752458,-0.5938704013824463,0.3183746337890625
failed_cluster_2,2,-8.255966610932358,39.938199208150834,40,45901.4450654164,4.59014450654164,3,2018-01-02,2018-01,0.23887545615434647,0.1695861776869453,0.18764527887105945,0.2988892942667007,-0.2866505831480026,-0.3946719765663147,-0.28590069711208344
failed_cluster_2,2,-8.255966610932358,39.938199208150834,40,45901.4450654164,4.59014450654164,3,2018-02-02,2018-02,0.21449276059865952,0.1230077232624492,0.16833405196666718,0.27530838549137115,-0.2814256101846695,-0.3605157881975174,-0.2988773435354233
failed_cluster_2,2,-8.255966610932358,39.938199208150834,40,45901.4450654164,4.59014450654164,3,2018-03-02,2018-03,0.20690019428730008,0.10912220243911586,0.16674605384469032,0.28361092507839203,-0.29858569800853735,-0.34874582290649414,-0.27847325801849365
failed_cluster_2,2,-8.255966610932358,39.938199208150834,40,45901.4450654164,4.59014450654164,3,2018-04-02,2018-04,0.18423458188772202,0.06628554106732623,0.14238374680280685,0.23018226772546765,-0.2320810705423355,-0.29708997905254364,-0.21795081347227094
failed_cluster_2,2,-8.255966610932358,39.938199208150834,40,45901.4450654164,4.59014450654164,3,2018-05-02,2018-05,0.2114682197570801,0.12030671207155394,0.15022693574428558,0.2261909991502762,-0.2270106002688408,-0.3222780674695969,-0.2082715779542923
failed_cluster_2,2,-8.255966610932358,39.938199208150834,40,45901.4450654164,4.59014450654164,3,2018-06-02,2018-06,0.24256647378206253,0.1814355893306174,0.1827431060373783,0.19061212986707687,-0.18187442421913144,-0.3314514607191086,-0.14122596383094788
failed_cluster_2,2,-8.255966610932358,39.938199208150834,40,45901.4450654164,4.59014450654164,3,2018-07-02,2018-07,0.26657772064208984,0.22681431863060153,0.19684907048940659,0.18507104367017746,-0.16217146441340446,-0.3569242060184479,-0.11605757288634776
failed_cluster_2,2,-8.255966610932358,39.938199208150834,40,45901.4450654164,4.59014450654164,3,2018-08-02,2018-08,0.26856422424316406,0.23008230141592897,0.19862204045057297,0.1631823629140854,-0.15528126060962677,-0.35290811955928797,-0.09794377814978363
failed_cluster_2,2,-8.255966610932358,39.938199208150834,40,45901.4450654164,4.59014450654164,3,2018-09-02,2018-09,0.3012245371937752,0.2906140528625497,0.2324550673365593,0.14991210028529167,-0.12542268075048923,-0.3829161375761032,-0.06024773325771093
failed_cluster_2,2,-8.255966610932358,39.938199208150834,40,45901.4450654164,4.59014450654164,3,2018-10-02,2018-10,0.34065577387809753,0.3665152525599923,0.25264615565538406,0.11917910911142825,-0.0793576561845839,-0.42721717059612274,-0.01608176156878472
failed_cluster_2,2,-8.255966610932358,39.938199208150834,40,45901.4450654164,4.59014450654164,3,2018-11-02,2018-11,0.38956978917121887,0.452907060132532,0.30151650309562683,0.1235441118478775,-0.07613658811897041,-0.47495175898075104,0.02948403730988502
failed_cluster_2,2,-8.255966610932358,39.938199208150834,40,45901.4450654164,4.59014450654164,3,2018-12-02,2018-12,0.43504610657691956,0.5409763671329101,0.33275657892227173,0.11318250000476837,-0.063632742036134,-0.5259178876876831,0.042116804048419
failed_cluster_2,2,-8.255966610932358,39.938199208150834,40,45901.4450654164,4.59014450654164,3,2019-01-02,2019-01,0.4186359345912933,0.5093052653160249,0.32393261045217514,0.10967880114912988,-0.05508709733840078,-0.5299679338932037,0.046727480832487345
failed_cluster_2,2,-8.255966610932358,39.938199208150834,40,45901.4450654164,4.59014450654164,3,2019-02-02,2019-02,0.37466005980968475,0.4251730172197976,0.28001007437705994,0.1393207311630249,-0.08937187492847443,-0.4651019871234893,0.0061917733401060104
failed_cluster_2,2,-8.255966610932358,39.938199208150834,40,45901.4450654164,4.59014450654164,3,2019-03-02,2019-03,0.34978412091732025,0.3747327076126831,0.2594946250319481,0.13860616087913513,-0.09641651064157486,-0.44910177588462824,-0.020964940544217825
failed_cluster_2,2,-8.255966610932358,39.938199208150834,40,45901.4450654164,4.59014450654164,3,2019-04-02,2019-04,0.40272384881973267,0.4762761952690468,0.28496136516332626,0.08417149446904659,-0.0446687345393002,-0.46352499723434454,0.039194084238260984
failed_cluster_2,2,-8.255966610932358,39.938199208150834,40,45901.4450654164,4.59014450654164,3,2019-05-02,2019-05,0.43481774628162384,0.539151884414171,0.3031528815627098,0.04366540675982833,0.014689035713672636,-0.48347476124763483,0.12407475151121616
failed_cluster_2,2,-8.255966610932358,39.938199208150834,40,45901.4450654164,4.59014450654164,3,2019-06-02,2019-06,0.44638122618198395,0.5592767967293262,0.31249928474426275,0.0433080664370209,0.01136749796569347,-0.5026997923851013,0.1086655016988516
failed_cluster_2,2,-8.255966610932358,39.938199208150834,40,45901.4450654164,4.59014450654164,3,2019-07-02,2019-07,0.43242646753788,0.5335132478403042,0.30570292472839355,0.055975053925067186,0.0006871223449707049,-0.4839387387037277,0.11865368857979774
failed_cluster_2,2,-8.255966610932358,39.938199208150834,40,45901.4450654164,4.59014450654164,3,2019-08-02,2019-08,0.45543223619461054,0.5760829965568395,0.31646396219730377,0.058368424419313676,0.004164103418588637,-0.5076702684164048,0.12793073989450932
failed_cluster_2,2,-8.255966610932358,39.938199208150834,40,45901.4450654164,4.59014450654164,3,2019-09-02,2019-09,0.4751308858394623,0.611565790070712,0.34096358716487885,0.03247085027396679,0.03152889758348465,-0.537440925836563,0.16018849983811378
failed_cluster_2,2,-8.255966610932358,39.938199208150834,40,45901.4450654164,4.59014450654164,3,2019-10-02,2019-10,0.4875338971614837,0.6331469377529747,0.36682569980621343,-0.0059252101927995664,0.07665431313216686,-0.526029497385025,0.21666480600833893
failed_cluster_2,2,-8.255966610932358,39.938199208150834,40,45901.4450654164,4.59014450654164,3,2019-11-02,2019-11,,,,,,,
failed_cluster_2,2,-8.255966610932358,39.938199208150834,40,45901.4450654164,4.59014450654164,3,2019-12-02,2019-12,,,,,,,
failed_cluster_2,2,-8.255966610932358,39.938199208150834,40,45901.4450654164,4.59014450654164,3,2020-01-02,2020-01,0.44868342578411097,0.5503361474625834,0.31495366990566254,0.11304875090718271,-0.05310694873332977,-0.5371719598770142,0.09761343337595463
failed_cluster_2,2,-8.255966610932358,39.938199208150834,40,45901.4450654164,4.59014450654164,3,2020-02-02,2020-02,0.34398193657398224,0.3480450710502698,0.23877163976430893,0.18736264109611508,-0.14842963591217995,-0.46618033945560455,-0.04519963450729847
failed_cluster_2,2,-8.255966610932358,39.938199208150834,40,45901.4450654164,4.59014450654164,3,2020-03-02,2020-03,0.309737965464592,0.28202516443552195,0.21550654619932175,0.18600136786699298,-0.14853890240192413,-0.43086352944374084,-0.040325896814465516
failed_cluster_2,2,-8.255966610932358,39.938199208150834,40,45901.4450654164,4.59014450654164,3,2020-04-02,2020-04,,,,,,,
failed_cluster_2,2,-8.255966610932358,39.938199208150834,40,45901.4450654164,4.59014450654164,3,2020-05-02,2020-05,0.36838527023792267,0.3908958544659273,0.25191123783588404,0.09946922026574612,-0.04678042232990265,-0.4360305964946747,0.08217629441060126
failed_cluster_2,2,-8.255966610932358,39.938199208150834,40,45901.4450654164,4.59014450654164,3,2020-06-02,2020-06,0.35287800431251526,0.3642455286915497,0.2359617277979851,0.10692744143307209,-0.056204537162557244,-0.4340567886829376,0.06874305871315299
failed_cluster_2,2,-8.255966610932358,39.938199208150834,40,45901.4450654164,4.59014450654164,3,2020-07-02,2020-07,0.3457784801721573,0.3502249787382287,0.23255553096532822,0.12229355052113533,-0.058559773257002234,-0.4335336685180664,0.07005680649308488
failed_cluster_2,2,-8.255966610932358,39.938199208150834,40,45901.4450654164,4.59014450654164,3,2020-08-02,2020-08,0.34599666297435766,0.3471721326430674,0.23300039768218994,0.12185791507363318,-0.057673659641295665,-0.4348591268062592,0.07046546414494514
failed_cluster_2,2,-8.255966610932358,39.938199208150834,40,45901.4450654164,4.59014450654164,3,2020-09-02,2020-09,0.38055554032325745,0.41058707777074394,0.26227083802223206,0.09336593002080917,-0.0393405593931675,-0.4478759467601776,0.10758740101300646
failed_cluster_2,2,-8.255966610932358,39.938199208150834,40,45901.4450654164,4.59014450654164,3,2020-10-02,2020-10,0.4105798453092575,0.4669215233974978,0.28303383290767664,0.025010876357555382,0.0451599545776844,-0.46208347380161285,0.18175693601369858
failed_cluster_2,2,-8.255966610932358,39.938199208150834,40,45901.4450654164,4.59014450654164,3,2020-11-02,2020-11,0.4633243829011917,0.5620172380699257,0.33407319337129593,-0.004597257822751997,0.06957859732210636,-0.5024199783802032,0.23497718945145607
failed_cluster_2,2,-8.255966610932358,39.938199208150834,40,45901.4450654164,4.59014450654164,3,2020-12-02,2020-12,,,,,,,
failed_cluster_2,2,-8.255966610932358,39.938199208150834,40,45901.4450654164,4.59014450654164,3,2021-01-02,2021-01,0.4847154468297958,0.5979238572209032,0.3390334248542785,0.01164524257183074,0.072417750954628,-0.5573903024196625,0.24864518642425534
failed_cluster_2,2,-8.255966610932358,39.938199208150834,40,45901.4450654164,4.59014450654164,3,2021-02-02,2021-02,0.49480782449245453,0.6216147841808595,0.3499596565961837,0.026360940188169486,0.04307634010910987,-0.5534906387329102,0.2255287654697895
failed_cluster_2,2,-8.255966610932358,39.938199208150834,40,45901.4450654164,4.59014450654164,3,2021-03-02,2021-03,0.4348312765359878,0.5109483294642875,0.29907467216253275,0.053495217114686966,0.01774675771594048,-0.5053956061601639,0.17334241047501564
failed_cluster_2,2,-8.255966610932358,39.938199208150834,40,45901.4450654164,4.59014450654164,3,2021-04-02,2021-04,0.42620120942592626,0.4979045169073397,0.2884947210550308,0.04163869470357895,0.05100574158132076,-0.5007610619068146,0.2113857232034206
failed_cluster_2,2,-8.255966610932358,39.938199208150834,40,45901.4450654164,4.59014450654164,3,2021-05-02,2021-05,0.5093731135129929,0.6600452661181766,0.33538591861724854,-0.03223259106744081,0.10783779993653296,-0.5300587117671967,0.27940211445093155
failed_cluster_2,2,-8.255966610932358,39.938199208150834,40,45901.4450654164,4.59014450654164,3,2021-06-02,2021-06,0.5016088783740997,0.644291260791027,0.3324196338653565,-0.052792130503803485,0.13705099746584892,-0.5272334665060043,0.2975868433713913
failed_cluster_2,2,-8.255966610932358,39.938199208150834,40,45901.4450654164,4.59014450654164,3,2021-07-02,2021-07,0.49225825071334833,0.6216855900863196,0.32318228483200073,-0.030970083549618718,0.11079884879291058,-0.5178442746400833,0.2771753892302513
failed_cluster_2,2,-8.255966610932358,39.938199208150834,40,45901.4450654164,4.59014450654164,3,2021-08-02,2021-08,0.15800543874502182,0.009220230689214808,0.1082090772688389,0.2559834718704224,-0.19706832617521283,-0.357782781124115,-0.1588679477572441
failed_cluster_2,2,-8.255966610932358,39.938199208150834,40,45901.4450654164,4.59014450654164,3,2021-09-02,2021-09,0.0971711277961731,-0.10556664970272665,0.06351060047745705,0.24025494605302813,-0.1746845506131649,-0.2784929573535919,-0.11958219297230244
failed_cluster_2,2,-8.255966610932358,39.938199208150834,40,45901.4450654164,4.59014450654164,3,2021-10-02,2021-10,0.10116160660982133,-0.09676497243428432,0.055844349786639214,0.20903845876455307,-0.13551058247685435,-0.26510094106197357,-0.08400052785873413
failed_cluster_2,2,-8.255966610932358,39.938199208150834,40,45901.4450654164,4.59014450654164,3,2021-11-02,2021-11,0.09296974167227745,-0.10932619346833712,0.04682171903550625,0.19077028334140775,-0.09632786363363266,-0.25462253391742706,-0.022326250560581684
failed_cluster_2,2,-8.255966610932358,39.938199208150834,40,45901.4450654164,4.59014450654164,3,2021-12-02,2021-12,0.09077509865164757,-0.1116702217483091,0.03385352808982134,0.17329864948987964,-0.05164478905498981,-0.2515966147184372,0.047307401895523064
failed_cluster_2,2,-8.255966610932358,39.938199208150834,40,45901.4450654164,4.59014450654164,3,2022-01-02,2022-01,0.08036888018250465,-0.12851356769076192,0.02415784681215882,0.13746795058250427,-0.017941329628229145,-0.21036306768655777,0.06503797881305218
failed_cluster_2,2,-8.255966610932358,39.938199208150834,40,45901.4450654164,4.59014450654164,3,2022-02-02,2022-02,0.0519621791318059,-0.18243483106695552,0.005812317132949827,0.1400534063577652,-0.01833411818370223,-0.17576101422309875,0.0640221368521452
failed_cluster_2,2,-8.255966610932358,39.938199208150834,40,45901.4450654164,4.59014450654164,3,2022-03-02,2022-03,0.07756719924509525,-0.13457884714488433,0.03190004779025912,0.13408495485782623,-0.020912470878101885,-0.2017087712883949,0.08662876114249228
failed_cluster_2,2,-8.255966610932358,39.938199208150834,40,45901.4450654164,4.59014450654164,3,2022-04-02,2022-04,0.10206866264343262,-0.0887310616101341,0.05352154653519392,0.09268764406442642,0.017996809910982847,-0.20007838308811185,0.11881465837359428
failed_cluster_2,2,-8.255966610932358,39.938199208150834,40,45901.4450654164,4.59014450654164,3,2022-05-02,2022-05,0.04366208054125309,-0.1974588026796042,0.004287210293114185,0.12318767234683037,-0.016327633056789637,-0.16111483424901962,0.05992850661277772
failed_cluster_2,2,-8.255966610932358,39.938199208150834,40,45901.4450654164,4.59014450654164,3,2022-06-02,2022-06,0.03793281083926558,-0.2091002775009291,0.00044647045433521265,0.12288227677345274,-0.0158044439740479,-0.1517936959862709,0.07764728926122189
failed_cluster_2,2,-8.255966610932358,39.938199208150834,40,45901.4450654164,4.59014450654164,3,2022-07-02,2022-07,0.02839542226865888,-0.22729422315944842,-0.0023291688412427907,0.14875439554452896,-0.04814303293824196,-0.155226543545723,0.023789098020643
failed_cluster_2,2,-8.255966610932358,39.938199208150834,40,45901.4450654164,4.59014450654164,3,2022-08-02,2022-08,0.016540252952836454,-0.2503452237736407,-0.015371531000710092,0.14571911841630936,-0.03927089320495725,-0.14277686923742294,0.019439156400039792
failed_cluster_2,2,-8.255966610932358,39.938199208150834,40,45901.4450654164,4.59014450654164,3,2022-09-02,2022-09,0.035187105648219585,-0.21513463127967086,-0.0020615765824913974,0.13952184095978734,-0.03400234354194254,-0.1490906327962875,0.042306719813495874
failed_cluster_2,2,-8.255966610932358,39.938199208150834,40,45901.4450654164,4.59014450654164,3,2022-10-02,2022-10,0.025197943206876516,-0.2333601293246067,-0.004880127031356096,0.14361819624900818,-0.049871908500790596,-0.14153184369206429,0.020924462936818596
failed_cluster_2,2,-8.255966610932358,39.938199208150834,40,45901.4450654164,4.59014450654164,3,2022-11-02,2022-11,0.0798393851146102,-0.12746072510090642,0.025253697298467156,0.1476808413863182,-0.027624836657196283,-0.20874320715665814,0.08766281977295876
failed_cluster_2,2,-8.255966610932358,39.938199208150834,40,45901.4450654164,4.59014450654164,3,2022-12-02,2022-12,,,,,,,
failed_cluster_2,2,-8.255966610932358,39.938199208150834,40,45901.4450654164,4.59014450654164,3,2023-01-02,2023-01,0.08392151817679405,-0.12369798847361534,0.027940400410443544,0.09701550006866455,0.0041397493332624435,-0.19024250656366348,0.13852721452713015
failed_cluster_2,2,-8.255966610932358,39.938199208150834,40,45901.4450654164,4.59014450654164,3,2023-02-02,2023-02,0.07690402120351793,-0.13660399287108302,0.028489431831985712,0.10623686760663988,-0.010339765809476377,-0.18408924341201782,0.09706723317503929
failed_cluster_2,2,-8.255966610932358,39.938199208150834,40,45901.4450654164,4.59014450654164,3,2023-03-02,2023-03,0.0678966511040926,-0.15394978477058455,0.024493313394486904,0.1078477092087269,-0.019342947751283646,-0.17019367963075638,0.10842858254909517
failed_cluster_2,2,-8.255966610932358,39.938199208150834,40,45901.4450654164,4.59014450654164,3,2023-04-02,2023-04,0.08761893212795258,-0.11753548673882955,0.03857394307851792,0.09287816658616066,0.0030032526701688766,-0.18955934792757034,0.11433234065771103
failed_cluster_2,2,-8.255966610932358,39.938199208150834,40,45901.4450654164,4.59014450654164,3,2023-05-02,2023-05,0.06563065387308598,-0.15861994291233403,0.021859787870198488,0.10317838564515114,-0.018694174475967884,-0.16623693704605103,0.07986499182879926
failed_cluster_2,2,-8.255966610932358,39.938199208150834,40,45901.4450654164,4.59014450654164,3,2023-06-02,2023-06,0.056177953258156776,-0.17549996295714634,0.02027812390588224,0.11267145350575448,-0.03626096760854125,-0.15263298153877258,0.08321182802319527
failed_cluster_2,2,-8.255966610932358,39.938199208150834,40,45901.4450654164,4.59014450654164,3,2023-07-02,2023-07,0.0527760088443756,-0.18203609516945363,0.016823098878376182,0.11347999051213264,-0.03317902237176895,-0.15135753899812698,0.0784374475479126
failed_cluster_2,2,-8.255966610932358,39.938199208150834,40,45901.4450654164,4.59014450654164,3,2023-08-02,2023-08,0.01368576381355524,-0.25321790727051097,-0.014255285263061525,0.10107165575027467,-0.03783828066661954,-0.09417041391134262,0.04896360822021961
failed_cluster_2,2,-8.255966610932358,39.938199208150834,40,45901.4450654164,4.59014450654164,3,2023-09-02,2023-09,0.030171954655088484,-0.22254486203862195,-0.0023382380604743953,0.10037924721837044,-0.03869092091917991,-0.10693480633199214,0.05164094455540181
failed_cluster_2,2,-8.255966610932358,39.938199208150834,40,45901.4450654164,4.59014450654164,3,2023-10-02,2023-10,0.05835814774036407,-0.17013906136656495,0.02007999480701983,0.06194983050227165,0.018307344987988472,-0.12464337795972823,0.1318395808339119
failed_cluster_2,2,-8.255966610932358,39.938199208150834,40,45901.4450654164,4.59014450654164,3,2023-11-02,2023-11,0.07066190801560879,-0.14526361514730762,0.015484398230910301,0.08249537274241447,-0.01399728935211897,-0.1468256711959839,0.07527400553226471
failed_cluster_2,2,-8.255966610932358,39.938199208150834,40,45901.4450654164,4.59014450654164,3,2023-12-02,2023-12,0.06840280955657363,-0.14843726850638417,0.018622388131916523,0.07922307401895522,-0.012225376907736061,-0.13728476502001286,0.09725746884942055
failed_cluster_3,3,-8.304924805294421,39.96784362548205,40,45881.55470871058,4.588155470871058,3,2018-01-02,2018-01,0.7292864322662354,0.9863757007507806,0.5186586901545525,-0.009180208900943393,0.05816721357405186,-0.7314150184392928,0.19714103266596794
failed_cluster_3,3,-8.304924805294421,39.96784362548205,40,45881.55470871058,4.588155470871058,3,2018-02-02,2018-02,0.7080291509628296,0.9406555928984586,0.5069094821810723,-0.030497908126562837,0.05240669008344412,-0.7013454586267471,0.14731455501168966
failed_cluster_3,3,-8.304924805294421,39.96784362548205,40,45881.55470871058,4.588155470871058,3,2018-03-02,2018-03,0.6722733676433563,0.8619710060677841,0.4813049286603928,0.02725709532387555,-0.01742839603684843,-0.6589228361845016,0.0882646916434169
failed_cluster_3,3,-8.304924805294421,39.96784362548205,40,45881.55470871058,4.588155470871058,3,2018-04-02,2018-04,0.4988932013511657,0.484901887988224,0.3617989867925644,0.0751058477908373,-0.05154965864494443,-0.5195608288049699,0.032560393563471735
failed_cluster_3,3,-8.304924805294421,39.96784362548205,40,45881.55470871058,4.588155470871058,3,2018-05-02,2018-05,0.540953665971756,0.5765515826231525,0.3781650960445404,0.04762403853237629,-0.02465904643759131,-0.5417436882853508,0.06112302653491496
failed_cluster_3,3,-8.304924805294421,39.96784362548205,40,45881.55470871058,4.588155470871058,3,2018-06-02,2018-06,0.5769668519496917,0.652935479991516,0.4122421592473983,-0.026113925967365507,0.05441497266292572,-0.5431577414274216,0.18241827934980392
failed_cluster_3,3,-8.304924805294421,39.96784362548205,40,45881.55470871058,4.588155470871058,3,2018-07-02,2018-07,0.6272994577884674,0.7609658496972528,0.44659457355737686,-0.07943543139845133,0.1245164405554533,-0.5894394367933273,0.2691294103860855
failed_cluster_3,3,-8.304924805294421,39.96784362548205,40,45881.55470871058,4.588155470871058,3,2018-08-02,2018-08,0.6774315387010575,0.8702356143589199,0.4916225597262382,-0.13633557036519048,0.17532823234796524,-0.628040611743927,0.35498277842998505
failed_cluster_3,3,-8.304924805294421,39.96784362548205,40,45881.55470871058,4.588155470871058,3,2018-09-02,2018-09,0.7172508537769318,0.9570273490798684,0.5443986356258392,-0.18593208864331243,0.22408860549330714,-0.656534492969513,0.438083752989769
failed_cluster_3,3,-8.304924805294421,39.96784362548205,40,45881.55470871058,4.588155470871058,3,2018-10-02,2018-10,0.7642520070075989,1.0580387823273887,0.5774418860673904,-0.24395143240690234,0.2881120406091213,-0.7081423252820969,0.5050994157791138
failed_cluster_3,3,-8.304924805294421,39.96784362548205,40,45881.55470871058,4.588155470871058,3,2018-11-02,2018-11,0.7591736614704132,1.0505889573184133,0.5812424123287201,-0.23397924005985263,0.289222564548254,-0.7027566432952881,0.5359369590878487
failed_cluster_3,3,-8.304924805294421,39.96784362548205,40,45881.55470871058,4.588155470871058,3,2018-12-02,2018-12,0.8370677679777146,1.2172023433280874,0.6419946253299713,-0.26984381303191185,0.3137033805251122,-0.8044699430465699,0.541787214577198
failed_cluster_3,3,-8.304924805294421,39.96784362548205,40,45881.55470871058,4.588155470871058,3,2019-01-02,2019-01,0.83741495013237,1.2180666498332002,0.6474702656269073,-0.2677110992372036,0.32115471735596657,-0.8265752941370011,0.5433851554989815
failed_cluster_3,3,-8.304924805294421,39.96784362548205,40,45881.55470871058,4.588155470871058,3,2019-02-02,2019-02,0.7999799251556395,1.138000872474422,0.6004931330680847,-0.22371999733150003,0.2843220420181751,-0.7720932811498643,0.5201753154397011
failed_cluster_3,3,-8.304924805294421,39.96784362548205,40,45881.55470871058,4.588155470871058,3,2019-03-02,2019-03,0.7879085838794707,1.1143458775171489,0.5868529081344604,-0.21174638718366626,0.2611086778342724,-0.7623406499624252,0.48437555879354477
failed_cluster_3,3,-8.304924805294421,39.96784362548205,40,45881.55470871058,4.588155470871058,3,2019-04-02,2019-04,0.7013988494873047,0.9265756995136282,0.5074367374181747,-0.1421663463115692,0.18149361573159695,-0.6767279505729675,0.3839685469865799
failed_cluster_3,3,-8.304924805294421,39.96784362548205,40,45881.55470871058,4.588155470871058,3,2019-05-02,2019-05,0.6898751556873322,0.8996320697338768,0.4895599707961083,-0.13464580662548542,0.1859676409512758,-0.6739940792322158,0.3901949003338813
failed_cluster_3,3,-8.304924805294421,39.96784362548205,40,45881.55470871058,4.588155470871058,3,2019-06-02,2019-06,0.6340239942073822,0.7666774072075018,0.4504874944686889,-0.10488736256957054,0.16313672810792923,-0.6409735083580017,0.36101725697517395
failed_cluster_3,3,-8.304924805294421,39.96784362548205,40,45881.55470871058,4.588155470871058,3,2019-07-02,2019-07,0.6779090613126755,0.872638587344042,0.49217893183231354,-0.13113119266927245,0.1864444576203823,-0.6635245233774184,0.39964824169874186
failed_cluster_3,3,-8.304924805294421,39.96784362548205,40,45881.55470871058,4.588155470871058,3,2019-08-02,2019-08,0.7450101077556611,1.0181823040495122,0.5384781360626221,-0.16764955222606662,0.22330542653799057,-0.7145784795284272,0.45204474031925207
failed_cluster_3,3,-8.304924805294421,39.96784362548205,40,45881.55470871058,4.588155470871058,3,2019-09-02,2019-09,0.7717987746000291,1.0756091296868604,0.5674897283315659,-0.22318419441580772,0.27900754287838936,-0.7412807643413543,0.513363391160965
failed_cluster_3,3,-8.304924805294421,39.96784362548205,40,45881.55470871058,4.588155470871058,3,2019-10-02,2019-10,0.6866322010755539,0.8910116576298631,0.5274159088730812,-0.2210412174463272,0.29139711335301394,-0.6598866134881973,0.4993796646595001
failed_cluster_3,3,-8.304924805294421,39.96784362548205,40,45881.55470871058,4.588155470871058,3,2019-11-02,2019-11,,,,,,,
failed_cluster_3,3,-8.304924805294421,39.96784362548205,40,45881.55470871058,4.588155470871058,3,2019-12-02,2019-12,0.8097347915172577,1.1574563222167118,0.6199271380901337,-0.3263337090611458,0.39148543030023575,-0.7849961221218109,0.619768500328064
failed_cluster_3,3,-8.304924805294421,39.96784362548205,40,45881.55470871058,4.588155470871058,3,2020-01-02,2020-01,0.828303873538971,1.1969969765484165,0.6406841278076172,-0.2901996597647667,0.35457080602645874,-0.8278898149728775,0.5903195589780807
failed_cluster_3,3,-8.304924805294421,39.96784362548205,40,45881.55470871058,4.588155470871058,3,2020-02-02,2020-02,0.7826592922210693,1.0980147777436002,0.5934996902942657,-0.24269117787480352,0.29610011354088783,-0.7687218636274337,0.5428818613290787
failed_cluster_3,3,-8.304924805294421,39.96784362548205,40,45881.55470871058,4.588155470871058,3,2020-03-02,2020-03,0.7658890336751938,1.060446498196135,0.5661984086036683,-0.1960538849234581,0.24620339274406433,-0.755536213517189,0.5002672076225281
failed_cluster_3,3,-8.304924805294421,39.96784362548205,40,45881.55470871058,4.588155470871058,3,2020-04-02,2020-04,,,,,,,
failed_cluster_3,3,-8.304924805294421,39.96784362548205,40,45881.55470871058,4.588155470871058,3,2020-05-02,2020-05,0.6579557061195374,0.8263138390651621,0.47218321263790136,-0.06116813607513905,0.10767444595694542,-0.662849098443985,0.3355233743786812
failed_cluster_3,3,-8.304924805294421,39.96784362548205,40,45881.55470871058,4.588155470871058,3,2020-06-02,2020-06,0.6398202478885651,0.788094287277376,0.4577406048774719,-0.06876890920102596,0.1280809659510851,-0.6600664705038071,0.3574787527322769
failed_cluster_3,3,-8.304924805294421,39.96784362548205,40,45881.55470871058,4.588155470871058,3,2020-07-02,2020-07,0.61394564807415,0.7334363597707564,0.4465297162532807,-0.05353679938707501,0.12133185006678104,-0.6579968035221101,0.35834732651710516
failed_cluster_3,3,-8.304924805294421,39.96784362548205,40,45881.55470871058,4.588155470871058,3,2020-08-02,2020-08,0.61412413418293,0.7372384658514491,0.45450084656476974,-0.03447483107447624,0.10895684268325567,-0.6649997532367705,0.3440967127680779
failed_cluster_3,3,-8.304924805294421,39.96784362548205,40,45881.55470871058,4.588155470871058,3,2020-09-02,2020-09,0.5619118362665176,0.6156477371263439,0.41886148601770407,-0.0010794796980917443,0.06260555912740529,-0.6152666956186295,0.2923420704901218
failed_cluster_3,3,-8.304924805294421,39.96784362548205,40,45881.55470871058,4.588155470871058,3,2020-10-02,2020-10,0.6021499335765839,0.6925741424386371,0.45555992424488073,-0.05688447970896959,0.1163890240713954,-0.6498983055353165,0.3255724087357521
failed_cluster_3,3,-8.304924805294421,39.96784362548205,40,45881.55470871058,4.588155470871058,3,2020-11-02,2020-11,0.5069446861743927,0.48561306365723955,0.3744652420282364,0.003956553060561418,0.04417713731527329,-0.5497372299432755,0.24012158997356892
failed_cluster_3,3,-8.304924805294421,39.96784362548205,40,45881.55470871058,4.588155470871058,3,2020-12-02,2020-12,0.3954390585422516,0.2389658888019303,0.2840518727898597,0.1536031924188137,-0.10807425761595368,-0.5433299764990807,0.0977088005747646
failed_cluster_3,3,-8.304924805294421,39.96784362548205,40,45881.55470871058,4.588155470871058,3,2021-01-02,2021-01,0.34339236468076706,0.12848988341328424,0.24725871160626411,0.18010930344462395,-0.13860217947512865,-0.4892464950680732,0.061167584033682935
failed_cluster_3,3,-8.304924805294421,39.96784362548205,40,45881.55470871058,4.588155470871058,3,2021-02-02,2021-02,0.2800766751170159,-0.004790667462398348,0.215276587754488,0.241519246250391,-0.22254770621657372,-0.4269981309771538,-0.05394794745370746
failed_cluster_3,3,-8.304924805294421,39.96784362548205,40,45881.55470871058,4.588155470871058,3,2021-03-02,2021-03,0.24403568357229233,-0.08139806124716706,0.18609732389450073,0.2508506029844284,-0.24742813035845757,-0.38090287894010544,-0.09145846590399742
failed_cluster_3,3,-8.304924805294421,39.96784362548205,40,45881.55470871058,4.588155470871058,3,2021-04-02,2021-04,0.24941007420420644,-0.06684854005470339,0.18380160257220268,0.23126460239291188,-0.21308047324419024,-0.3836893066763878,-0.058327796636149294
failed_cluster_3,3,-8.304924805294421,39.96784362548205,40,45881.55470871058,4.588155470871058,3,2021-05-02,2021-05,0.2754186801612377,-0.009387140272776326,0.2088541574776173,0.1784007027745247,-0.17911917343735695,-0.3603188544511795,-0.04218245064839721
failed_cluster_3,3,-8.304924805294421,39.96784362548205,40,45881.55470871058,4.588155470871058,3,2021-06-02,2021-06,0.3198977634310723,0.08614297025488342,0.2372192703187466,0.12254402786493303,-0.1032757991924882,-0.3920436277985572,0.05182078713551164
failed_cluster_3,3,-8.304924805294421,39.96784362548205,40,45881.55470871058,4.588155470871058,3,2021-07-02,2021-07,0.4523429647088051,0.3766102602732386,0.3409435302019119,0.031837972928769886,0.0017540967091917994,-0.4803311303257943,0.1744284573942423
failed_cluster_3,3,-8.304924805294421,39.96784362548205,40,45881.55470871058,4.588155470871058,3,2021-08-02,2021-08,0.564728856086731,0.620797658047449,0.42816854268312454,-0.06709407689049839,0.12313253246247768,-0.5682594031095505,0.3252381384372711
failed_cluster_3,3,-8.304924805294421,39.96784362548205,40,45881.55470871058,4.588155470871058,3,2021-09-02,2021-09,0.6544405519962311,0.8179627671532609,0.4985848441720009,-0.15739208087325093,0.22192655131220815,-0.636669784784317,0.4394804313778877
failed_cluster_3,3,-8.304924805294421,39.96784362548205,40,45881.55470871058,4.588155470871058,3,2021-10-02,2021-10,0.7616351842880249,1.0477849494730564,0.5834870487451553,-0.2926302067935467,0.35297011584043503,-0.718501627445221,0.5874511450529099
failed_cluster_3,3,-8.304924805294421,39.96784362548205,40,45881.55470871058,4.588155470871058,3,2021-11-02,2021-11,0.8285314440727234,1.1923265008468307,0.6247858107089996,-0.39297935366630554,0.45004335045814514,-0.7824708968400955,0.6845166534185411
failed_cluster_3,3,-8.304924805294421,39.96784362548205,40,45881.55470871058,4.588155470871058,3,2021-12-02,2021-12,0.8775571733713149,1.2978682083399473,0.6450677514076234,-0.44777169823646545,0.4987059831619262,-0.8333518207073212,0.7509602308273315
failed_cluster_3,3,-8.304924805294421,39.96784362548205,40,45881.55470871058,4.588155470871058,3,2022-01-02,2022-01,0.8164436519145966,1.1661111368982626,0.5982391536235809,-0.360712006688118,0.42271164804697037,-0.7970366328954698,0.6650387048721313
failed_cluster_3,3,-8.304924805294421,39.96784362548205,40,45881.55470871058,4.588155470871058,3,2022-02-02,2022-02,0.7982421815395356,1.1253224392527232,0.5777596831321716,-0.2917730584740639,0.35643222928047175,-0.778238371014595,0.6194449514150621
failed_cluster_3,3,-8.304924805294421,39.96784362548205,40,45881.55470871058,4.588155470871058,3,2022-03-02,2022-03,,,,,,,
failed_cluster_3,3,-8.304924805294421,39.96784362548205,40,45881.55470871058,4.588155470871058,3,2022-04-02,2022-04,0.5880787074565887,0.6710966270924593,0.41356460005044937,-0.06834842264652252,0.1272117290645838,-0.6092423051595688,0.3544803112745285
failed_cluster_3,3,-8.304924805294421,39.96784362548205,40,45881.55470871058,4.588155470871058,3,2022-05-02,2022-05,0.5613846182823181,0.6133839997806964,0.39487724751234055,-0.04181978851556778,0.09845845215022564,-0.5955851227045059,0.31800226867198944
failed_cluster_3,3,-8.304924805294421,39.96784362548205,40,45881.55470871058,4.588155470871058,3,2022-06-02,2022-06,0.5599283427000046,0.6107693909794996,0.3952542096376419,-0.049772148951888084,0.11974598467350006,-0.5869216471910477,0.3402185514569282
failed_cluster_3,3,-8.304924805294421,39.96784362548205,40,45881.55470871058,4.588155470871058,3,2022-07-02,2022-07,0.5669911205768585,0.6261053341682306,0.40050526708364487,-0.056878585368394845,0.12648754566907883,-0.5986351370811462,0.3630413562059402
failed_cluster_3,3,-8.304924805294421,39.96784362548205,40,45881.55470871058,4.588155470871058,3,2022-08-02,2022-08,0.6132358014583587,0.7273653822221234,0.4382347017526627,-0.10328710451722145,0.17877865210175514,-0.6408156156539918,0.4198937788605689
failed_cluster_3,3,-8.304924805294421,39.96784362548205,40,45881.55470871058,4.588155470871058,3,2022-09-02,2022-09,0.7220939695835114,0.9625691311696484,0.5288892388343811,-0.17704056203365326,0.24050871655344966,-0.7076196223497391,0.49251947551965714
failed_cluster_3,3,-8.304924805294421,39.96784362548205,40,45881.55470871058,4.588155470871058,3,2022-10-02,2022-10,0.7540804147720337,1.0311968231154829,0.5687569230794907,-0.25458327680826187,0.3171644657850265,-0.7322617620229721,0.5789391696453094
failed_cluster_3,3,-8.304924805294421,39.96784362548205,40,45881.55470871058,4.588155470871058,3,2022-11-02,2022-11,0.8350217342376708,1.2079435206407052,0.6273359209299088,-0.3511509895324707,0.4106298461556434,-0.8039340525865556,0.6895596832036972
failed_cluster_3,3,-8.304924805294421,39.96784362548205,40,45881.55470871058,4.588155470871058,3,2022-12-02,2022-12,,,,,,,
failed_cluster_3,3,-8.304924805294421,39.96784362548205,40,45881.55470871058,4.588155470871058,3,2023-01-02,2023-01,0.8168758749961852,1.164707665736528,0.6093610227108002,-0.27649700269103045,0.33824285864830017,-0.8223889023065567,0.6234332025051116
failed_cluster_3,3,-8.304924805294421,39.96784362548205,40,45881.55470871058,4.588155470871058,3,2023-02-02,2023-02,0.7104203701019286,0.9331947941766766,0.5168961435556412,-0.16498230397701266,0.2298167198896408,-0.7433062493801117,0.4899564534425735
failed_cluster_3,3,-8.304924805294421,39.96784362548205,40,45881.55470871058,4.588155470871058,3,2023-03-02,2023-03,0.6510529518127441,0.8064806494614479,0.46654611825942993,-0.06534301303327084,0.12527978979051113,-0.6894019842147827,0.38813837617635727
failed_cluster_3,3,-8.304924805294421,39.96784362548205,40,45881.55470871058,4.588155470871058,3,2023-04-02,2023-04,0.6325462013483047,0.7676030313945568,0.44950444996356964,-0.06911842618137598,0.12673373334109783,-0.6645321249961852,0.3676014542579651
failed_cluster_3,3,-8.304924805294421,39.96784362548205,40,45881.55470871058,4.588155470871058,3,2023-05-02,2023-05,0.6217740923166275,0.7434636014929816,0.4396569505333901,-0.09134281240403652,0.15999364852905273,-0.6508876383304595,0.39109706133604044
failed_cluster_3,3,-8.304924805294421,39.96784362548205,40,45881.55470871058,4.588155470871058,3,2023-06-02,2023-06,0.6312749981880188,0.7640467079446459,0.4652818068861961,-0.0905781500041485,0.14272668026387694,-0.6417864412069321,0.3677743896842003
failed_cluster_3,3,-8.304924805294421,39.96784362548205,40,45881.55470871058,4.588155470871058,3,2023-07-02,2023-07,0.6320609301328659,0.7653537670757747,0.4639546275138855,-0.10481666587293148,0.1741834953427315,-0.656941831111908,0.4043617099523545
failed_cluster_3,3,-8.304924805294421,39.96784362548205,40,45881.55470871058,4.588155470871058,3,2023-08-02,2023-08,0.6731986105442047,0.8546724651158694,0.4978608638048172,-0.13344357907772061,0.2076564729213715,-0.6928565949201584,0.45888323336839676
failed_cluster_3,3,-8.304924805294421,39.96784362548205,40,45881.55470871058,4.588155470871058,3,2023-09-02,2023-09,0.7602295130491257,1.043235161845391,0.576474502682686,-0.24103230237960815,0.3058427423238754,-0.7446484416723251,0.5600113272666931
failed_cluster_3,3,-8.304924805294421,39.96784362548205,40,45881.55470871058,4.588155470871058,3,2023-10-02,2023-10,0.7125843316316605,0.9407664908940961,0.5466170012950897,-0.23771056905388832,0.3257201537489891,-0.709586426615715,0.5639037936925888
failed_cluster_3,3,-8.304924805294421,39.96784362548205,40,45881.55470871058,4.588155470871058,3,2023-11-02,2023-11,0.856678992509842,1.2525390750788996,0.657837525010109,-0.4461231604218483,0.5041134357452393,-0.8268929272890091,0.7441073209047319
failed_cluster_3,3,-8.304924805294421,39.96784362548205,40,45881.55470871058,4.588155470871058,3,2023-12-02,2023-12,0.7178343534469604,0.9593874773938039,0.541340708732605,-0.24411349557340142,0.32030316814780235,-0.7325954288244247,0.5553217232227325
